run_name,variant,ranker_profile,ndcg_at_10,mrr_at_10,recall_efficiency_at_10,hit_rate_at_10,ranker_lift_vs_hybrid,genre_tag_ndcg,mood_decade_ndcg,personalized_ndcg,similar_to_ndcg,visual_query_ndcg,ece,p95_latency_ms,launch_decision,tag_genome_applied,imdb_applied,retrieval_text_changed,eligible_for_promotion
core_compact,core,compact,0.3254711389373969,0.5529020362353696,0.2687349687349687,0.6565656565656566,0.2079483072248821,0.4929954824932572,0.10921182154884615,0.23541031800754805,0.1237917295279014,0.7032978671692941,0.004979491359308477,179.1937999980291,ITERATE,False,False,False,False
combined_feature_only,combined_feature_only,compact,0.3220335586700807,0.5461960878627545,0.2657046657046657,0.6666666666666666,0.20451072695756595,0.4984182526810865,0.10207422253223361,0.21669352163244587,0.12418608470007844,0.706742781336953,0.005176509592610651,198.03842999535843,ITERATE,True,True,False,True
core_champion_replay,core_champion_replay,compact,0.31259866304446476,0.5094556677890011,0.26738816738816734,0.6363636363636364,0.19507583133195,0.4840223547123718,0.09540495069193819,0.21708025287299604,0.09654536014707571,0.7091413824989301,0.0049062433537841385,330.8734650039695,ITERATE,False,False,False,True
core_conservative,core,conservative,0.3083099072078284,0.5115800865800865,0.2632355299021965,0.6363636363636364,0.19078707549531365,0.48264574822725537,0.08542274773086767,0.19912853407833903,0.10701855607641435,0.7059998043930696,0.003716762878125716,198.8462950066604,ITERATE,False,False,False,False
core_balanced,core,balanced,0.3077011371533082,0.5174482924482925,0.2582972582972583,0.6262626262626263,0.19017830544079345,0.4818913983498505,0.08857701397864619,0.20842130959883143,0.09756689583318509,0.7009265644991535,0.004786910456806342,217.58947499183702,ITERATE,False,False,False,False
imdb_feature_only,imdb_feature_only,compact,0.3045029513419034,0.5068302068302067,0.2622254288920956,0.6363636363636364,0.18698011962938865,0.48052359949175094,0.08334909217717919,0.19413622815026543,0.09893711755838265,0.7046556798542231,0.004464109338227291,203.01739999631536,ITERATE,False,True,False,False
tag_genome_feature_only,tag_genome_feature_only,compact,0.30241949288809516,0.48431537598204266,0.2594195927529261,0.6262626262626263,0.1848966611755804,0.4939082445567637,0.07679612937211705,0.1840758320163689,0.09538139308056286,0.7018328772042826,0.003854464203776614,210.46639000051073,ITERATE,True,False,False,False
