{
  "p50_latency_ms": 130.97964999906253,
  "p95_latency_ms": 143.1081099981384,
  "p99_latency_ms": 144.5811589913501
}