variant,p50_latency_ms,p95_latency_ms,p99_latency_ms
bm25_score,34.35765000176616,40.2913099991565,42.63766600153758
dense_score,14.80009999795584,16.4569649969053,16.982370000187075
hybrid_score,48.185650004597846,58.13687999907415,62.520864001126014
ranker_score,130.97964999906253,143.1081099981384,144.5811589913501
