ndcg_at_10,mrr_at_10,recall_at_10,recall_efficiency_at_10,precision_at_10,hit_rate_at_10,slice,metric_type,num_rows,num_queries,claim_support
0.1659006659145932,0.38800264550264546,0.06279362563625489,0.13738095238095235,0.12166666666666665,0.5833333333333334,all,query_ranking,12064,60,SUFFICIENT
0.23706913873385843,0.6,0.0528448275862069,0.12428571428571429,0.12,0.6,query_type:genre_tag,query_ranking,1630,10,SUFFICIENT
0.052776256554517134,0.10722789115646258,0.023911038367560106,0.0642857142857143,0.0642857142857143,0.5,query_type:mood_decade,query_ranking,2301,14,SUFFICIENT
0.09850407989961729,0.23425925925925928,0.03146744305280891,0.10833333333333334,0.10833333333333334,0.4166666666666667,query_type:personalized,query_ranking,2756,12,SUFFICIENT
0.10980901867213123,0.28898809523809527,0.026597575546921753,0.08333333333333333,0.08333333333333333,0.5833333333333334,query_type:similar_to,query_ranking,3387,12,SUFFICIENT
0.36206031607606537,0.7916666666666666,0.18396954183088457,0.31666666666666665,0.24166666666666667,0.8333333333333334,query_type:visual_query,query_ranking,1990,12,SUFFICIENT
,,0.060541310541310546,0.060541310541310546,,0.1282051282051282,long_tail,relevant_item_recall,621,39,SUFFICIENT
,,0.0,0.0,,0.0,cold_start,relevant_item_recall,117,17,SUFFICIENT
